{
  "policy_id": "B1_Regulated_Policy_v1.7",
  "regime_note": "B1 regulated training on real Texas graph (Dynamic EVD)",
  "sor_hash": "5bc7c94bb64c6ddd8a3e1ba9ddad7e58bd39984c9091577b1a3023e10c7506e6",
  "governance_parameters": {
    "cooldown_steps": 5,
    "min_lr_multiplier": 1e-06,
    "variance_window_size": 10,
    "variance_estimator": "unbiased_sample_variance",
    "evd_governance_ceiling": 0.007077
  },
  "levels": {
    "L1": {
      "action": "lr_scale_down",
      "lr_factor": 0.5,
      "max_consecutive_violation_steps": 3,
      "note": "Mild stabilization"
    },
    "L2": {
      "action": "lr_scale_down",
      "lr_factor": 0.2,
      "max_consecutive_violation_steps": 6,
      "note": "Aggressive stabilization"
    },
    "L3": {
      "action": "abort_training",
      "lr_factor": 0.0,
      "max_consecutive_violation_steps": 10,
      "note": "Abort if sustained instability"
    }
  }
}