{
  "run_id": "srgnn_20251224T182721Z_75c8b21b",
  "sensor_profile_id": "graph_default_v1",
  "sensors": {
    "C": {
      "domain": "[0,1]",
      "sensor_id": "S-COHERENCE-001",
      "unit": "cosine_clamped"
    },
    "H_norm": {
      "domain": "[0,1]",
      "sensor_id": "S-HNORM-001",
      "unit": "normalized_entropy"
    },
    "KQ": {
      "domain": "[0,1]",
      "sensor_id": "S-KQ-001",
      "unit": "normalized_quality"
    },
    "grad_norm": {
      "domain": "R+",
      "sensor_id": "S-GRAD-NORM-001",
      "unit": "L2"
    },
    "logits_entropy": {
      "domain": "[0,1]",
      "sensor_id": "S-HLOGITS-001",
      "unit": "normalized_entropy"
    },
    "loss": {
      "domain": "R+",
      "sensor_id": "S-LOSS-001",
      "unit": "nats"
    },
    "loss_variance": {
      "domain": "R+",
      "estimator": "unbiased_sample_variance",
      "sensor_id": "S-LOSS-VAR-001",
      "unit": "nats^2",
      "window": 10
    },
    "update_ratio": {
      "domain": "R+|OMITTED",
      "policy": "OMIT_IF_NOT_COMPUTABLE",
      "sensor_id": "S-UPD-RATIO-001",
      "unit": "ratio"
    }
  },
  "version": "1.2"
}