{
  "EVD": {
    "ceiling": 0.007077,
    "calculation_method": "median + 3*MAD from B0 distribution",
    "source": "SR-GNN Dynamic Calibration Engine",
    "note": "Threshold is derived from baseline evidence, not hardcoded."
  },
  "SOR_BOUNDARIES": {
    "loss_variance": {
      "median": 0.0034498907067163215,
      "mad": 0.0012091095119319602,
      "epsilon": 0.007077219242512202,
      "is_floored": false
    },
    "grad_norm": {
      "median": 1.0946565870839529,
      "mad": 0.2603535575138869,
      "epsilon": 1.8757172596256135,
      "is_floored": false
    },
    "update_ratio": {
      "median": 0.033852233319175966,
      "mad": 0.006002593676275238,
      "epsilon": 0.05186001434800168,
      "is_floored": false
    }
  }
}