{
  "run_id": "srgnn_20251224T182721Z_75c8b21b",
  "generated_utc": "2025-12-24T18:27:30.512745+00:00",
  "evidence_source": "regulated_run_metrics.json (REAL B1)",
  "cybernetic_metrics": {
    "EVD": 0.005,
    "ABORT_SIGNAL": false,
    "RECOVERY_COMPLETE": true,
    "VIOLATION_STEPS": 1,
    "TOTAL_STEPS": 200,
    "EVD_CEILING": 0.007077
  },
  "RT_stats": {
    "RT_min": 1,
    "RT_median": 1.0,
    "RT_p95": 1.0,
    "RT_max": 1
  },
  "RT_events_total": 1,
  "RT_events_closed": 1,
  "RT_events_open": 0,
  "open_event": null,
  "closed_events": [
    {
      "start_step": 50,
      "end_step": 50,
      "RT": 1
    }
  ],
  "final_verdict": "PASS"
}